,Baseline - RMSE,Model - RMSE,R2 Score - Train,R2 Score - Test
LinearRegression(),9.34433230885089,9.1958328205127,0.8877208431736233,0.3269098411479139
KNeighborsRegressor(),9.34433230885089,10.335534221271942,0.9398297403551975,0.1497297870383012
SVR(),9.34433230885089,11.105807800971167,0.8675974040093468,0.018271468560954962
RandomForestRegressor(),9.34433230885089,6.955801533056131,0.9913541074960234,0.61488940197773
DecisionTreeRegressor(),9.34433230885089,12.231704340051802,1.0,-0.1908719234712566
AdaBoostRegressor(),9.34433230885089,6.939109903347625,0.915637473012902,0.6167354612076466
BaggingRegressor(),9.34433230885089,6.627598663256669,0.9841601107203896,0.6503741705144754
