,Baseline - RMSE,Model - RMSE,R2 Score - Train,R2 Score - Test
LinearRegression(),3.078159433622178,1.6940627978131393,0.930906765969532,0.742319372979656
KNeighborsRegressor(),3.078159433622178,2.225099032184885,0.9262683743297593,0.5554491472675398
SVR(),3.078159433622178,1.9407398698099483,0.9515513183991507,0.6618126070274846
RandomForestRegressor(),3.078159433622178,2.0299202871971693,0.9884782555672129,0.6300178890845086
DecisionTreeRegressor(),3.078159433622178,2.1717750416168347,1.0,0.5765009566294313
AdaBoostRegressor(),3.078159433622178,2.178618141920127,0.9170390054603687,0.5738279245335569
BaggingRegressor(),3.078159433622178,2.0469229793699,0.9821102070623208,0.6237939624380013
