,Baseline - RMSE,Model - RMSE,R2 Score - Train,R2 Score - Test
LinearRegression(),3.078159433622178,2.0961705104702952,0.930906765969532,0.6600842926129172
KNeighborsRegressor(),3.078159433622178,2.9440000239414053,0.9262683743297593,0.3295079416440092
SVR(),3.078159433622178,2.6059688955060643,0.9515513183991507,0.4746406387180462
RandomForestRegressor(),3.078159433622178,2.5722564050929693,0.9883870647732474,0.48814548975420835
DecisionTreeRegressor(),3.078159433622178,2.672155348145372,1.0,0.44761557454465584
AdaBoostRegressor(),3.078159433622178,2.793566895225747,0.9185740763650648,0.39627915554743165
BaggingRegressor(),3.078159433622178,2.6132993409146166,0.9838880148851589,0.47168086846536084
