,Baseline - RMSE,Model - RMSE,R2 Score - Train,R2 Score - Test
LinearRegression(),9.34433230885089,9.777566963086064,0.8877208431736233,0.21140376768068392
KNeighborsRegressor(),9.34433230885089,9.340354089340108,0.9398297403551975,0.280352566568695
SVR(),9.34433230885089,10.359744205878535,0.8675974040093468,0.11469857249808724
RandomForestRegressor(),9.34433230885089,6.316041032913083,0.9912342059413729,0.6709340201930153
DecisionTreeRegressor(),9.34433230885089,16.11502557719333,1.0,-1.142175747546689
AdaBoostRegressor(),9.34433230885089,6.251546167056097,0.9161980584826135,0.6776200783664436
BaggingRegressor(),9.34433230885089,6.813728748250348,0.986927782257838,0.6170317406453067
