,Baseline - RMSE,Model - RMSE,R2 Score - Train,R2 Score - Test
LinearRegression(),3.078159433622178,2.0961705104702952,0.930906765969532,0.6600842926129172
KNeighborsRegressor(),3.078159433622178,2.9440000239414053,0.9262683743297593,0.3295079416440092
SVR(),3.078159433622178,2.6059688955060643,0.9515513183991507,0.4746406387180462
RandomForestRegressor(),3.078159433622178,2.6485021754168665,0.9883320312170506,0.45735139886364296
DecisionTreeRegressor(),3.078159433622178,2.7179427190733803,1.0,0.42852318028357805
AdaBoostRegressor(),3.078159433622178,2.7877440191362557,0.9175390808409335,0.398793309016644
BaggingRegressor(),3.078159433622178,2.7023774771670164,0.9824735163703348,0.4350499582232912
