,Baseline - RMSE,Model - RMSE,R2 Score - Train,R2 Score - Test
LinearRegression(),9.34433230885089,9.777566963086064,0.8877208431736233,0.21140376768068392
KNeighborsRegressor(),9.34433230885089,9.340354089340108,0.9398297403551975,0.280352566568695
SVR(),9.34433230885089,10.359744205878535,0.8675974040093468,0.11469857249808724
RandomForestRegressor(),9.34433230885089,6.0957381940218305,0.9906317107273003,0.6934892489208291
DecisionTreeRegressor(),9.34433230885089,15.694915436606209,1.0,-1.0319408435273454
AdaBoostRegressor(),9.34433230885089,7.217000170577135,0.9081955989993173,0.5703581964368976
BaggingRegressor(),9.34433230885089,7.957496854831722,0.9876128677065503,0.47766869995714023
