,Baseline - RMSE,Model - RMSE,R2 Score - Train,R2 Score - Test
LinearRegression(),3.078159433622178,2.3160933595073754,0.930906765969532,0.6573948175633255
KNeighborsRegressor(),3.078159433622178,3.5613976172513797,0.9262683743297593,0.18992965684158514
SVR(),3.078159433622178,3.2035751500575405,0.9515513183991507,0.34453178354738934
RandomForestRegressor(),3.078159433622178,3.2893662040489082,0.9888258909525525,0.30895511407996057
DecisionTreeRegressor(),3.078159433622178,3.340850597978969,1.0,0.2871536761103889
AdaBoostRegressor(),3.078159433622178,3.3764555673551375,0.9215314420618325,0.2718784529007593
BaggingRegressor(),3.078159433622178,3.2572304986397485,0.9837641102141603,0.3223915854223829
