,Baseline - RMSE,Model - RMSE,R2 Score - Train,R2 Score - Test
LinearRegression(),9.34433230885089,9.777566963086064,0.8877208431736233,0.21140376768068392
KNeighborsRegressor(),9.34433230885089,9.340354089340108,0.9398297403551975,0.280352566568695
SVR(),9.34433230885089,10.359744205878535,0.8675974040093468,0.11469857249808724
RandomForestRegressor(),9.34433230885089,6.147021070046012,0.991293665355147,0.6883102623748312
DecisionTreeRegressor(),9.34433230885089,16.979090050798643,1.0,-1.3780551555454075
AdaBoostRegressor(),9.34433230885089,6.611633758192812,0.9045395812922027,0.6394124923193827
BaggingRegressor(),9.34433230885089,6.298647173437557,0.987148163756778,0.6727439660255412
