,Baseline - RMSE,Model - RMSE,R2 Score - Train,R2 Score - Test
LinearRegression(),9.34433230885089,9.777566963086064,0.8877208431736233,0.21140376768068392
KNeighborsRegressor(),9.34433230885089,9.340354089340108,0.9398297403551975,0.280352566568695
SVR(),9.34433230885089,10.359744205878535,0.8675974040093468,0.11469857249808724
RandomForestRegressor(),9.34433230885089,6.326921850588063,0.9916227420806089,0.6697992615587547
DecisionTreeRegressor(),9.34433230885089,12.88981856660796,1.0,-0.37052420056813307
AdaBoostRegressor(),9.34433230885089,6.505317170037248,0.9148004095663858,0.6509159135959468
BaggingRegressor(),9.34433230885089,6.767151496549922,0.98509884596271,0.622249630158782
