,Baseline - RMSE,Model - RMSE,R2 Score - Train,R2 Score - Test
LinearRegression(),9.34433230885089,15.019321782908428,0.8877208431736233,-1.01570273264918
KNeighborsRegressor(),9.34433230885089,6.683836766917238,0.9398297403551975,0.6008119695625709
SVR(),9.34433230885089,8.169039967069054,0.8675974040093468,0.40369578068474776
RandomForestRegressor(),9.34433230885089,5.509507065597373,0.9911188452018577,0.7287615029017056
DecisionTreeRegressor(),9.34433230885089,6.5056154170339875,1.0,0.6218164685608235
AdaBoostRegressor(),9.34433230885089,6.202958542276117,0.9050747766293435,0.6561859678006043
BaggingRegressor(),9.34433230885089,5.906910872072573,0.9890687624604397,0.6882211315531173
