,Baseline - RMSE,Model - RMSE,R2 Score - Train,R2 Score - Test
LinearRegression(),3.078159433622178,2.0961705104702952,0.930906765969532,0.6600842926129172
KNeighborsRegressor(),3.078159433622178,2.9440000239414053,0.9262683743297593,0.3295079416440092
SVR(),3.078159433622178,2.6059688955060643,0.9515513183991507,0.4746406387180462
RandomForestRegressor(),3.078159433622178,2.6675300534735844,0.9881621749363163,0.4495261891644182
DecisionTreeRegressor(),3.078159433622178,2.7014462795636174,1.0,0.4354392372857744
AdaBoostRegressor(),3.078159433622178,2.81452404999533,0.9148817602002632,0.3871870307453771
BaggingRegressor(),3.078159433622178,2.5730381183687197,0.9824465158082911,0.48783433549739763
