,Baseline - RMSE,Model - RMSE,R2 Score - Train,R2 Score - Test
LinearRegression(),3.078159433622178,2.0961705104702952,0.930906765969532,0.6600842926129172
KNeighborsRegressor(),3.078159433622178,2.9440000239414053,0.9262683743297593,0.3295079416440092
SVR(),3.078159433622178,2.6059688955060643,0.9515513183991507,0.4746406387180462
RandomForestRegressor(),3.078159433622178,2.614182394557857,0.9883529342110235,0.4713237620678664
DecisionTreeRegressor(),3.078159433622178,2.70656747804956,1.0,0.43329670479785676
AdaBoostRegressor(),3.078159433622178,2.7596813812866503,0.9209626326988298,0.4108364004121574
BaggingRegressor(),3.078159433622178,2.5924590901518245,0.9823958304312507,0.4800736316959493
