,Baseline - RMSE,Model - RMSE,R2 Score - Train,R2 Score - Test
LinearRegression(),9.34433230885089,9.777566963086064,0.8877208431736233,0.21140376768068392
KNeighborsRegressor(),9.34433230885089,9.340354089340108,0.9398297403551975,0.280352566568695
SVR(),9.34433230885089,10.359744205878535,0.8675974040093468,0.11469857249808724
RandomForestRegressor(),9.34433230885089,6.2432730343095475,0.9911173836181218,0.6784727720954629
DecisionTreeRegressor(),9.34433230885089,12.935805616531654,1.0,-0.3803208930810522
AdaBoostRegressor(),9.34433230885089,7.489095885728636,0.9142227245815844,0.5373507291925941
BaggingRegressor(),9.34433230885089,5.486292956968388,0.9872263403465921,0.751714653625812
